{
    "code": "00",
    "msg": "success",
    "results": [
        {
            "tptId": "tpidYG4M1",
            "tptTile": "入门级训练",
            "tptType": "Beginners",
            "tptCategory": "personal",
            "tptDescrition": "入门级训练（八周训练计划）",
            "publishedAt": "2019-07-04 17:11:46",
            "weeks": [
                {
                    "day1": {},
                    "day2": {
                        "tasks": [
                            {
                                "Re": 8,
                                "task": [
                                    {
                                        "run": 60
                                    },
                                    {
                                        "walk": 90
                                    }
                                ]
                            }
                        ]
                    },
                    "day3": {},
                    "day4": {
                        "tasks": [
                            {
                                "Re": 8,
                                "task": [
                                    {
                                        "run": 60
                                    },
                                    {
                                        "walk": 90
                                    }
                                ]
                            }
                        ]
                    },
                    "day5": {},
                    "day6": {
                        "tasks": [
                            {
                                "Re": 8,
                                "task": [
                                    {
                                        "run": 60
                                    },
                                    {
                                        "walk": 90
                                    }
                                ]
                            }
                        ]
                    },
                    "day7": {}
                },
                {
                    "day1": {},
                    "day2": {
                        "tasks": [
                            {
                                "Re": 7,
                                "task": [
                                    {
                                        "run": 120
                                    },
                                    {
                                        "walk": 60
                                    }
                                ]
                            }
                        ]
                    },
                    "day3": {},
                    "day4": {
                        "tasks": [
                            {
                                "Re": 7,
                                "task": [
                                    {
                                        "run": 120
                                    },
                                    {
                                        "walk": 60
                                    }
                                ]
                            }
                        ]
                    },
                    "day5": {},
                    "day6": {
                        "tasks": [
                            {
                                "Re": 7,
                                "task": [
                                    {
                                        "run": 120
                                    },
                                    {
                                        "walk": 60
                                    }
                                ]
                            }
                        ]
                    },
                    "day7": {}
                },
                {
                    "day1": {},
                    "day2": {
                        "tasks": [
                            {
                                "Re": 6,
                                "task": [
                                    {
                                        "run": 180
                                    },
                                    {
                                        "walk": 60
                                    }
                                ]
                            }
                        ]
                    },
                    "day3": {},
                    "day4": {
                        "tasks": [
                            {
                                "Re": 6,
                                "task": [
                                    {
                                        "run": 180
                                    },
                                    {
                                        "walk": 60
                                    }
                                ]
                            }
                        ]
                    },
                    "day5": {},
                    "day6": {
                        "tasks": [
                            {
                                "Re": 6,
                                "task": [
                                    {
                                        "run": 180
                                    },
                                    {
                                        "walk": 60
                                    }
                                ]
                            }
                        ]
                    },
                    "day7": {}
                },
                {
                    "day1": {},
                    "day2": {
                        "tasks": [
                            {
                                "Re": 4,
                                "task": [
                                    {
                                        "run": 300
                                    },
                                    {
                                        "walk": 120
                                    }
                                ]
                            }
                        ]
                    },
                    "day3": {},
                    "day4": {
                        "tasks": [
                            {
                                "Re": 4,
                                "task": [
                                    {
                                        "run": 300
                                    },
                                    {
                                        "walk": 120
                                    }
                                ]
                            }
                        ]
                    },
                    "day5": {},
                    "day6": {
                        "tasks": [
                            {
                                "Re": 4,
                                "task": [
                                    {
                                        "run": 300
                                    },
                                    {
                                        "walk": 120
                                    }
                                ]
                            }
                        ]
                    },
                    "day7": {}
                },
                {
                    "day1": {},
                    "day2": {
                        "tasks": [
                            {
                                "Re": 3,
                                "task": [
                                    {
                                        "run": 480
                                    },
                                    {
                                        "walk": 120
                                    }
                                ]
                            }
                        ]
                    },
                    "day3": {},
                    "day4": {
                        "tasks": [
                            {
                                "Re": 3,
                                "task": [
                                    {
                                        "run": 480
                                    },
                                    {
                                        "walk": 120
                                    }
                                ]
                            }
                        ]
                    },
                    "day5": {},
                    "day6": {
                        "tasks": [
                            {
                                "Re": 3,
                                "task": [
                                    {
                                        "run": 480
                                    },
                                    {
                                        "walk": 120
                                    }
                                ]
                            }
                        ]
                    },
                    "day7": {}
                },
                {
                    "day1": {},
                    "day2": {
                        "tasks": [
                            {
                                "Re": 3,
                                "task": [
                                    {
                                        "run": 720
                                    },
                                    {
                                        "walk": 600
                                    }
                                ]
                            }
                        ]
                    },
                    "day3": {},
                    "day4": {
                        "tasks": [
                            {
                                "Re": 3,
                                "task": [
                                    {
                                        "run": 720
                                    },
                                    {
                                        "walk": 60
                                    }
                                ]
                            }
                        ]
                    },
                    "day5": {},
                    "day6": {
                        "tasks": [
                            {
                                "Re": 3,
                                "task": [
                                    {
                                        "run": 720
                                    },
                                    {
                                        "walk": 60
                                    }
                                ]
                            }
                        ]
                    },
                    "day7": {}
                },
                {
                    "day1": {},
                    "day2": {
                        "tasks": [
                            {
                                "Re": 1,
                                "task": [
                                    {
                                        "run": 900
                                    },
                                    {
                                        "walk": 60
                                    },
                                    {
                                        "run": 900
                                    }
                                ]
                            }
                        ]
                    },
                    "day3": {},
                    "day4": {
                        "tasks": [
                            {
                                "Re": 1,
                                "task": [
                                    {
                                        "run": 900
                                    },
                                    {
                                        "walk": 60
                                    },
                                    {
                                        "run": 900
                                    }
                                ]
                            }
                        ]
                    },
                    "day5": {},
                    "day6": {
                        "tasks": [
                            {
                                "Re": 1,
                                "task": [
                                    {
                                        "run": 900
                                    },
                                    {
                                        "walk": 60
                                    },
                                    {
                                        "run": 900
                                    }
                                ]
                            }
                        ]
                    },
                    "day7": {}
                },
                {
                    "day1": {
                        "tasks": [
                            {
                                "Re": 1,
                                "task": [
                                    {
                                        "run": 1800
                                    }
                                ]
                            }
                        ]
                    },
                    "day2": {
                        "tasks": [
                            {
                                "Re": 1,
                                "task": [
                                    {
                                        "run": 1800
                                    }
                                ]
                            }
                        ]
                    },
                    "day3": {
                        "tasks": [
                            {
                                "Re": 1,
                                "task": [
                                    {
                                        "run": 1800
                                    }
                                ]
                            }
                        ]
                    },
                    "day4": {
                        "tasks": [
                            {
                                "Re": 1,
                                "task": [
                                    {
                                        "run": 1800
                                    }
                                ]
                            }
                        ]
                    },
                    "day5": {
                        "tasks": [
                            {
                                "Re": 1,
                                "task": [
                                    {
                                        "run": 1800
                                    }
                                ]
                            }
                        ]
                    },
                    "day6": {
                        "tasks": [
                            {
                                "Re": 1,
                                "task": [
                                    {
                                        "run": 1800
                                    }
                                ]
                            }
                        ]
                    },
                    "day7": {
                        "tasks": [
                            {
                                "Re": 1,
                                "task": [
                                    {
                                        "run": 1800
                                    }
                                ]
                            }
                        ]
                    }
                }
            ]
        },
        {
            "tptId": "tpidYG4M2",
            "tptTile": "5k初级训练",
            "tptType": "5k",
            "tptCategory": "match",
            "tptDescrition": "5k初级训练（六周训练计划）",
            "publishedAt": "2019-07-04 17:12:51",
            "weeks": [
                {
                    "day1": {},
                    "day2": {
                        "tasks": [
                            {
                                "Re": 10,
                                "task": [
                                    {
                                        "run": 60
                                    },
                                    {
                                        "walk": 60
                                    }
                                ]
                            }
                        ]
                    },
                    "day3": {},
                    "day4": {
                        "tasks": [
                            {
                                "Re": 5,
                                "task": [
                                    {
                                        "run": 120
                                    },
                                    {
                                        "walk": 240
                                    }
                                ]
                            }
                        ]
                    },
                    "day5": {},
                    "day6": {},
                    "day7": {
                        "tasks": [
                            {
                                "Re": 5,
                                "task": [
                                    {
                                        "run": 120
                                    },
                                    {
                                        "walk": 240
                                    }
                                ]
                            }
                        ]
                    }
                },
                {
                    "day1": {},
                    "day2": {
                        "tasks": [
                            {
                                "Re": 4,
                                "task": [
                                    {
                                        "run": 180
                                    },
                                    {
                                        "walk": 180
                                    }
                                ]
                            }
                        ]
                    },
                    "day3": {},
                    "day4": {
                        "tasks": [
                            {
                                "Re": 4,
                                "task": [
                                    {
                                        "run": 180
                                    },
                                    {
                                        "walk": 180
                                    }
                                ]
                            }
                        ]
                    },
                    "day5": {},
                    "day6": {},
                    "day7": {
                        "tasks": [
                            {
                                "Re": 3,
                                "task": [
                                    {
                                        "run": 300
                                    },
                                    {
                                        "walk": 180
                                    }
                                ]
                            }
                        ]
                    }
                },
                {
                    "day1": {},
                    "day2": {
                        "tasks": [
                            {
                                "Re": 3,
                                "task": [
                                    {
                                        "run": 420
                                    },
                                    {
                                        "walk": 120
                                    }
                                ]
                            }
                        ]
                    },
                    "day3": {},
                    "day4": {
                        "tasks": [
                            {
                                "Re": 3,
                                "task": [
                                    {
                                        "run": 480
                                    },
                                    {
                                        "walk": 120
                                    }
                                ]
                            }
                        ]
                    },
                    "day5": {},
                    "day6": {},
                    "day7": {
                        "tasks": [
                            {
                                "Re": 3,
                                "task": [
                                    {
                                        "run": 480
                                    },
                                    {
                                        "walk": 120
                                    }
                                ]
                            }
                        ]
                    }
                },
                {
                    "day1": {},
                    "day2": {
                        "tasks": [
                            {
                                "Re": 3,
                                "task": [
                                    {
                                        "run": 480
                                    },
                                    {
                                        "walk": 120
                                    }
                                ]
                            }
                        ]
                    },
                    "day3": {},
                    "day4": {
                        "tasks": [
                            {
                                "Re": 2,
                                "task": [
                                    {
                                        "run": 600
                                    },
                                    {
                                        "walk": 120
                                    }
                                ]
                            },
                            {
                                "Re": 1,
                                "task": [
                                    {
                                        "run": 300
                                    }
                                ]
                            }
                        ]
                    },
                    "day5": {},
                    "day6": {},
                    "day7": {
                        "tasks": [
                            {
                                "Re": 3,
                                "task": [
                                    {
                                        "run": 480
                                    },
                                    {
                                        "walk": 120
                                    }
                                ]
                            }
                        ]
                    }
                },
                {
                    "day1": {},
                    "day2": {
                        "tasks": [
                            {
                                "Re": 3,
                                "task": [
                                    {
                                        "run": 540
                                    },
                                    {
                                        "walk": 60
                                    }
                                ]
                            }
                        ]
                    },
                    "day3": {},
                    "day4": {
                        "tasks": [
                            {
                                "Re": 2,
                                "task": [
                                    {
                                        "run": 720
                                    },
                                    {
                                        "walk": 120
                                    }
                                ]
                            },
                            {
                                "Re": 1,
                                "task": [
                                    {
                                        "run": 300
                                    }
                                ]
                            }
                        ]
                    },
                    "day5": {},
                    "day6": {},
                    "day7": {
                        "tasks": [
                            {
                                "Re": 3,
                                "task": [
                                    {
                                        "run": 480
                                    },
                                    {
                                        "walk": 120
                                    }
                                ]
                            }
                        ]
                    }
                },
                {
                    "day1": {},
                    "day2": {
                        "tasks": [
                            {
                                "Re": 2,
                                "task": [
                                    {
                                        "run": 900
                                    },
                                    {
                                        "walk": 60
                                    }
                                ]
                            }
                        ]
                    },
                    "day3": {},
                    "day4": {
                        "tasks": [
                            {
                                "Re": 3,
                                "task": [
                                    {
                                        "run": 480
                                    },
                                    {
                                        "walk": 120
                                    }
                                ]
                            },
                            {
                                "Re": 1,
                                "task": [
                                    {
                                        "run": 300
                                    }
                                ]
                            }
                        ]
                    },
                    "day5": {},
                    "day6": {},
                    "day7": {
                        "tasks": [
                            {
                                "Re": 1,
                                "task": [
                                    {
                                        "kilometre": 5
                                    }
                                ]
                            }
                        ]
                    }
                }
            ]
        },
        {
            "tptId": "tpidYG4M3",
            "tptTile": "5k中级训练",
            "tptType": "5k",
            "tptCategory": "match",
            "tptDescrition": "5k中级训练（六周训练计划）",
            "publishedAt": "2019-07-04 17:13:50",
            "weeks": [
                {
                    "day1": {},
                    "day2": {
                        "tasks": [
                            {
                                "Re": 1,
                                "task": [
                                    {
                                        "easy": 1500
                                    }
                                ]
                            }
                        ]
                    },
                    "day3": {},
                    "day4": {
                        "tasks": [
                            {
                                "Re": 1,
                                "task": [
                                    {
                                        "easy": 600
                                    }
                                ]
                            },
                            {
                                "Re": 4,
                                "task": [
                                    {
                                        "brisk": 60
                                    }
                                ]
                            },
                            {
                                "Re": 1,
                                "task": [
                                    {
                                        "jog": 120
                                    }
                                ]
                            },
                            {
                                "Re": 1,
                                "task": [
                                    {
                                        "easy": 600
                                    }
                                ]
                            }
                        ]
                    },
                    "day5": {},
                    "day6": {
                        "tasks": [
                            {
                                "Re": 1,
                                "task": [
                                    {
                                        "run": 1200
                                    }
                                ]
                            }
                        ]
                    },
                    "day7": {
                        "tasks": [
                            {
                                "Re": 1,
                                "task": [
                                    {
                                        "run": 1800
                                    }
                                ]
                            }
                        ]
                    }
                },
                {
                    "day1": {},
                    "day2": {
                        "tasks": [
                            {
                                "Re": 1,
                                "task": [
                                    {
                                        "easy": 1500
                                    }
                                ]
                            }
                        ]
                    },
                    "day3": {},
                    "day4": {
                        "tasks": [
                            {
                                "Re": 1,
                                "task": [
                                    {
                                        "easy": 600
                                    }
                                ]
                            },
                            {
                                "Re": 5,
                                "task": [
                                    {
                                        "brisk": 90
                                    }
                                ]
                            },
                            {
                                "Re": 1,
                                "task": [
                                    {
                                        "jog": 150
                                    }
                                ]
                            },
                            {
                                "Re": 1,
                                "task": [
                                    {
                                        "easy": 600
                                    }
                                ]
                            }
                        ]
                    },
                    "day5": {},
                    "day6": {
                        "tasks": [
                            {
                                "Re": 1,
                                "task": [
                                    {
                                        "run": 1200
                                    }
                                ]
                            }
                        ]
                    },
                    "day7": {
                        "tasks": [
                            {
                                "Re": 1,
                                "task": [
                                    {
                                        "run": 2100
                                    }
                                ]
                            }
                        ]
                    }
                },
                {
                    "day1": {},
                    "day2": {
                        "tasks": [
                            {
                                "Re": 1,
                                "task": [
                                    {
                                        "easy": 1800
                                    }
                                ]
                            }
                        ]
                    },
                    "day3": {},
                    "day4": {
                        "tasks": [
                            {
                                "Re": 1,
                                "task": [
                                    {
                                        "easy": 600
                                    }
                                ]
                            },
                            {
                                "Re": 5,
                                "task": [
                                    {
                                        "brisk": 120
                                    }
                                ]
                            },
                            {
                                "Re": 1,
                                "task": [
                                    {
                                        "jog": 150
                                    }
                                ]
                            },
                            {
                                "Re": 1,
                                "task": [
                                    {
                                        "easy": 600
                                    }
                                ]
                            }
                        ]
                    },
                    "day5": {},
                    "day6": {
                        "tasks": [
                            {
                                "Re": 1,
                                "task": [
                                    {
                                        "run": 1500
                                    }
                                ]
                            }
                        ]
                    },
                    "day7": {
                        "tasks": [
                            {
                                "Re": 1,
                                "task": [
                                    {
                                        "run": 2400
                                    }
                                ]
                            }
                        ]
                    }
                },
                {
                    "day1": {},
                    "day2": {
                        "tasks": [
                            {
                                "Re": 1,
                                "task": [
                                    {
                                        "easy": 600
                                    }
                                ]
                            },
                            {
                                "Re": 5,
                                "task": [
                                    {
                                        "fast": 30
                                    }
                                ]
                            },
                            {
                                "Re": 1,
                                "task": [
                                    {
                                        "jog": 120
                                    }
                                ]
                            },
                            {
                                "Re": 1,
                                "task": [
                                    {
                                        "easy": 600
                                    }
                                ]
                            }
                        ]
                    },
                    "day3": {},
                    "day4": {
                        "tasks": [
                            {
                                "Re": 1,
                                "task": [
                                    {
                                        "easy": 600
                                    }
                                ]
                            },
                            {
                                "Re": 1,
                                "task": [
                                    {
                                        "brisk": 1200
                                    }
                                ]
                            },
                            {
                                "Re": 1,
                                "task": [
                                    {
                                        "easy": 600
                                    }
                                ]
                            }
                        ]
                    },
                    "day5": {},
                    "day6": {
                        "tasks": [
                            {
                                "Re": 1,
                                "task": [
                                    {
                                        "run": 1200
                                    }
                                ]
                            }
                        ]
                    },
                    "day7": {
                        "tasks": [
                            {
                                "Re": 1,
                                "task": [
                                    {
                                        "run": 2700
                                    }
                                ]
                            }
                        ]
                    }
                },
                {
                    "day1": {},
                    "day2": {
                        "tasks": [
                            {
                                "Re": 1,
                                "task": [
                                    {
                                        "easy": 1800
                                    }
                                ]
                            }
                        ]
                    },
                    "day3": {},
                    "day4": {
                        "tasks": [
                            {
                                "Re": 1,
                                "task": [
                                    {
                                        "easy": 600
                                    }
                                ]
                            },
                            {
                                "Re": 3,
                                "task": [
                                    {
                                        "brisk": 180
                                    }
                                ]
                            },
                            {
                                "Re": 1,
                                "task": [
                                    {
                                        "jog": 180
                                    }
                                ]
                            },
                            {
                                "Re": 1,
                                "task": [
                                    {
                                        "easy": 600
                                    }
                                ]
                            }
                        ]
                    },
                    "day5": {},
                    "day6": {
                        "tasks": [
                            {
                                "Re": 1,
                                "task": [
                                    {
                                        "run": 1500
                                    }
                                ]
                            }
                        ]
                    },
                    "day7": {
                        "tasks": [
                            {
                                "Re": 1,
                                "task": [
                                    {
                                        "run": 2100
                                    }
                                ]
                            }
                        ]
                    }
                },
                {
                    "day1": {},
                    "day2": {
                        "tasks": [
                            {
                                "Re": 1,
                                "task": [
                                    {
                                        "easy": 1500
                                    }
                                ]
                            },
                            {
                                "Re": 6,
                                "task": [
                                    {
                                        "fast": 40
                                    }
                                ]
                            },
                            {
                                "Re": 1,
                                "task": [
                                    {
                                        "jog": 180
                                    }
                                ]
                            }
                        ]
                    },
                    "day3": {},
                    "day4": {
                        "tasks": [
                            {
                                "Re": 1,
                                "task": [
                                    {
                                        "easy": 1500
                                    }
                                ]
                            }
                        ]
                    },
                    "day5": {},
                    "day6": {},
                    "day7": {
                        "tasks": [
                            {
                                "Re": 1,
                                "task": [
                                    {
                                        "kilometre": 5
                                    }
                                ]
                            }
                        ]
                    }
                }
            ]
        },
        {
            "tptId": "tpidYG4M4",
            "tptTile": "半马初级训练",
            "tptType": "half-marathon",
            "tptCategory": "match",
            "tptDescrition": "半马初级训练（十二周训练计划）",
            "publishedAt": "2019-07-04 17:14:26",
            "weeks": [
                {
                    "day1": {},
                    "day2": {
                        "tasks": [
                            {
                                "Re": 1,
                                "task": [
                                    {
                                        "kilometre": 2
                                    }
                                ]
                            }
                        ]
                    },
                    "day3": {},
                    "day4": {
                        "tasks": [
                            {
                                "Re": 1,
                                "task": [
                                    {
                                        "kilometre": 3
                                    }
                                ]
                            }
                        ]
                    },
                    "day5": {},
                    "day6": {},
                    "day7": {
                        "tasks": [
                            {
                                "Re": 1,
                                "task": [
                                    {
                                        "kilometre": 4
                                    }
                                ]
                            }
                        ]
                    }
                },
                {
                    "day1": {},
                    "day2": {
                        "tasks": [
                            {
                                "Re": 1,
                                "task": [
                                    {
                                        "kilometre": 2
                                    }
                                ]
                            }
                        ]
                    },
                    "day3": {},
                    "day4": {
                        "tasks": [
                            {
                                "Re": 1,
                                "task": [
                                    {
                                        "kilometre": 3
                                    }
                                ]
                            }
                        ]
                    },
                    "day5": {},
                    "day6": {},
                    "day7": {
                        "tasks": [
                            {
                                "Re": 1,
                                "task": [
                                    {
                                        "kilometre": 5
                                    }
                                ]
                            }
                        ]
                    }
                },
                {
                    "day1": {},
                    "day2": {
                        "tasks": [
                            {
                                "Re": 1,
                                "task": [
                                    {
                                        "kilometre": 2
                                    }
                                ]
                            }
                        ]
                    },
                    "day3": {},
                    "day4": {
                        "tasks": [
                            {
                                "Re": 1,
                                "task": [
                                    {
                                        "kilometre": 4
                                    }
                                ]
                            }
                        ]
                    },
                    "day5": {},
                    "day6": {},
                    "day7": {
                        "tasks": [
                            {
                                "Re": 1,
                                "task": [
                                    {
                                        "kilometre": 5
                                    }
                                ]
                            }
                        ]
                    }
                },
                {
                    "day1": {},
                    "day2": {
                        "tasks": [
                            {
                                "Re": 1,
                                "task": [
                                    {
                                        "kilometre": 2
                                    }
                                ]
                            }
                        ]
                    },
                    "day3": {},
                    "day4": {
                        "tasks": [
                            {
                                "Re": 1,
                                "task": [
                                    {
                                        "kilometre": 5
                                    }
                                ]
                            }
                        ]
                    },
                    "day5": {},
                    "day6": {},
                    "day7": {
                        "tasks": [
                            {
                                "Re": 1,
                                "task": [
                                    {
                                        "kilometre": 6
                                    }
                                ]
                            }
                        ]
                    }
                },
                {
                    "day1": {},
                    "day2": {
                        "tasks": [
                            {
                                "Re": 1,
                                "task": [
                                    {
                                        "kilometre": 3
                                    }
                                ]
                            }
                        ]
                    },
                    "day3": {},
                    "day4": {
                        "tasks": [
                            {
                                "Re": 1,
                                "task": [
                                    {
                                        "kilometre": 6
                                    }
                                ]
                            }
                        ]
                    },
                    "day5": {},
                    "day6": {},
                    "day7": {
                        "tasks": [
                            {
                                "Re": 1,
                                "task": [
                                    {
                                        "kilometre": 7
                                    }
                                ]
                            }
                        ]
                    }
                },
                {
                    "day1": {},
                    "day2": {
                        "tasks": [
                            {
                                "Re": 1,
                                "task": [
                                    {
                                        "kilometre": 2
                                    }
                                ]
                            }
                        ]
                    },
                    "day3": {},
                    "day4": {
                        "tasks": [
                            {
                                "Re": 1,
                                "task": [
                                    {
                                        "kilometre": 10
                                    }
                                ]
                            }
                        ]
                    },
                    "day5": {},
                    "day6": {},
                    "day7": {
                        "tasks": [
                            {
                                "Re": 1,
                                "task": [
                                    {
                                        "kilometre": 6
                                    }
                                ]
                            }
                        ]
                    }
                },
                {
                    "day1": {},
                    "day2": {
                        "tasks": [
                            {
                                "Re": 1,
                                "task": [
                                    {
                                        "kilometre": 4
                                    }
                                ]
                            }
                        ]
                    },
                    "day3": {},
                    "day4": {
                        "tasks": [
                            {
                                "Re": 1,
                                "task": [
                                    {
                                        "kilometre": 6
                                    }
                                ]
                            }
                        ]
                    },
                    "day5": {},
                    "day6": {},
                    "day7": {
                        "tasks": [
                            {
                                "Re": 1,
                                "task": [
                                    {
                                        "kilometre": 6
                                    }
                                ]
                            }
                        ]
                    }
                },
                {
                    "day1": {},
                    "day2": {
                        "tasks": [
                            {
                                "Re": 1,
                                "task": [
                                    {
                                        "kilometre": 2
                                    }
                                ]
                            }
                        ]
                    },
                    "day3": {},
                    "day4": {
                        "tasks": [
                            {
                                "Re": 1,
                                "task": [
                                    {
                                        "kilometre": 11
                                    }
                                ]
                            }
                        ]
                    },
                    "day5": {},
                    "day6": {},
                    "day7": {
                        "tasks": [
                            {
                                "Re": 1,
                                "task": [
                                    {
                                        "kilometre": 8
                                    }
                                ]
                            }
                        ]
                    }
                },
                {
                    "day1": {},
                    "day2": {
                        "tasks": [
                            {
                                "Re": 1,
                                "task": [
                                    {
                                        "kilometre": 2
                                    }
                                ]
                            }
                        ]
                    },
                    "day3": {},
                    "day4": {
                        "tasks": [
                            {
                                "Re": 1,
                                "task": [
                                    {
                                        "kilometre": 7
                                    }
                                ]
                            }
                        ]
                    },
                    "day5": {
                        "tasks": [
                            {
                                "Re": 1,
                                "task": [
                                    {
                                        "kilometre": 2
                                    }
                                ]
                            }
                        ]
                    },
                    "day6": {},
                    "day7": {
                        "tasks": [
                            {
                                "Re": 1,
                                "task": [
                                    {
                                        "kilometre": 10
                                    }
                                ]
                            }
                        ]
                    }
                },
                {
                    "day1": {},
                    "day2": {
                        "tasks": [
                            {
                                "Re": 1,
                                "task": [
                                    {
                                        "kilometre": 3
                                    }
                                ]
                            }
                        ]
                    },
                    "day3": {},
                    "day4": {
                        "tasks": [
                            {
                                "Re": 1,
                                "task": [
                                    {
                                        "kilometre": 12
                                    }
                                ]
                            }
                        ]
                    },
                    "day5": {
                        "tasks": [
                            {
                                "Re": 1,
                                "task": [
                                    {
                                        "kilometre": 2
                                    }
                                ]
                            }
                        ]
                    },
                    "day6": {},
                    "day7": {
                        "tasks": [
                            {
                                "Re": 1,
                                "task": [
                                    {
                                        "kilometre": 10
                                    }
                                ]
                            }
                        ]
                    }
                },
                {
                    "day1": {},
                    "day2": {
                        "tasks": [
                            {
                                "Re": 1,
                                "task": [
                                    {
                                        "kilometre": 2
                                    }
                                ]
                            }
                        ]
                    },
                    "day3": {},
                    "day4": {
                        "tasks": [
                            {
                                "Re": 1,
                                "task": [
                                    {
                                        "kilometre": 11
                                    }
                                ]
                            }
                        ]
                    },
                    "day5": {
                        "tasks": [
                            {
                                "Re": 1,
                                "task": [
                                    {
                                        "kilometre": 2
                                    }
                                ]
                            }
                        ]
                    },
                    "day6": {},
                    "day7": {
                        "tasks": [
                            {
                                "Re": 1,
                                "task": [
                                    {
                                        "kilometre": 9
                                    }
                                ]
                            }
                        ]
                    }
                },
                {
                    "day1": {},
                    "day2": {
                        "tasks": [
                            {
                                "Re": 1,
                                "task": [
                                    {
                                        "kilometre": 2
                                    }
                                ]
                            }
                        ]
                    },
                    "day3": {},
                    "day4": {
                        "tasks": [
                            {
                                "Re": 1,
                                "task": [
                                    {
                                        "kilometre": 8
                                    }
                                ]
                            }
                        ]
                    },
                    "day5": {},
                    "day6": {},
                    "day7": {
                        "tasks": [
                            {
                                "Re": 1,
                                "task": [
                                    {
                                        "kilometre": 10
                                    }
                                ]
                            }
                        ]
                    }
                }
            ]
        }
    ]
}
